,id,quality
0,278_AT.png,100
1,556_AT.png,100
2,279_AT.png,100
3,280_AT.png,100
4,557_AT.png,100
5,558_AT.png,100
6,559_AT.png,100
7,560_AT.png,100
8,561_AT.png,100
9,839_AT.png,100
10,549_AT.png,100
11,840_AT.png,100
12,550_AT.png,100
13,273_AT.png,100
14,841_AT.png,100
15,274_AT.png,100
16,842_AT.png,100
17,275_AT.png,100
18,553_AT.png,100
19,276_AT.png,100
20,554_AT.png,100
21,277_AT.png,100
22,555_AT.png,100
23,266_AT.png,100
24,834_AT.png,100
25,544_AT.png,100
26,267_AT.png,100
27,835_AT.png,100
28,545_AT.png,100
29,268_AT.png,100
30,836_AT.png,100
31,269_AT.png,100
32,270_AT.png,100
33,838_AT.png,100
34,271_AT.png,100
35,264_AT.png,100
36,832_AT.png,100
37,542_AT.png,100
38,265_AT.png,100
39,833_AT.png,100
40,543_AT.png,100
41,538_AT.png,100
42,261_AT.png,100
43,829_AT.png,100
44,539_AT.png,100
45,262_AT.png,100
46,830_AT.png,100
47,540_AT.png,100
48,263_AT.png,100
49,831_AT.png,100
50,541_AT.png,100
51,257_AT.png,100
52,825_AT.png,100
53,535_AT.png,100
54,258_AT.png,100
55,826_AT.png,100
56,536_AT.png,100
57,259_AT.png,100
58,827_AT.png,100
59,537_AT.png,100
60,260_AT.png,100
61,828_AT.png,100
62,255_AT.png,100
63,823_AT.png,100
64,256_AT.png,100
65,824_AT.png,100
66,534_AT.png,100
67,251_AT.png,100
68,819_AT.png,100
69,529_AT.png,100
70,252_AT.png,100
71,820_AT.png,100
72,253_AT.png,100
73,821_AT.png,100
74,531_AT.png,100
75,822_AT.png,100
76,254_AT.png,100
77,532_AT.png,100
78,1085_AT.png,100
79,247_AT.png,100
80,815_AT.png,100
81,525_AT.png,100
82,1086_AT.png,100
83,530_AT.png,100
84,248_AT.png,100
85,816_AT.png,100
86,526_AT.png,100
87,1087_AT.png,100
88,249_AT.png,100
89,817_AT.png,100
90,250_AT.png,100
91,818_AT.png,100
92,528_AT.png,100
93,243_AT.png,100
94,811_AT.png,100
95,521_AT.png,100
96,1082_AT.png,100
97,244_AT.png,100
98,812_AT.png,100
99,1083_AT.png,100
100,522_AT.png,100
101,245_AT.png,100
102,813_AT.png,100
103,523_AT.png,100
104,1084_AT.png,100
105,246_AT.png,100
106,814_AT.png,100
107,524_AT.png,100
108,1080_AT.png,100
109,242_AT.png,100
110,810_AT.png,100
111,520_AT.png,100
112,1081_AT.png,100
113,808_AT.png,100
114,1074_AT.png,100
115,1078_AT.png,100
116,804_AT.png,100
117,1079_AT.png,100
118,514_AT.png,100
119,1075_AT.png,100
120,237_AT.png,100
121,241_AT.png,100
122,805_AT.png,100
123,519_AT.png,100
124,515_AT.png,100
125,1076_AT.png,100
126,238_AT.png,100
127,806_AT.png,100
128,516_AT.png,100
129,1077_AT.png,100
130,239_AT.png,100
131,803_AT.png,100
132,231_AT.png,100
133,799_AT.png,100
134,509_AT.png,100
135,232_AT.png,100
136,800_AT.png,100
137,510_AT.png,100
138,233_AT.png,100
139,807_AT.png,100
140,801_AT.png,100
141,240_AT.png,100
142,511_AT.png,100
143,234_AT.png,100
144,802_AT.png,100
145,512_AT.png,100
146,518_AT.png,100
147,505_AT.png,100
148,228_AT.png,100
149,796_AT.png,100
150,230_AT.png,100
151,798_AT.png,100
152,513_AT.png,100
153,235_AT.png,100
154,508_AT.png,100
155,229_AT.png,100
156,224_AT.png,100
157,502_AT.png,100
158,506_AT.png,100
159,225_AT.png,100
160,797_AT.png,100
161,507_AT.png,100
162,503_AT.png,100
163,226_AT.png,100
164,517_AT.png,100
165,504_AT.png,100
166,1058_AT.png,100
167,497_AT.png,100
168,220_AT.png,100
169,498_AT.png,100
170,227_AT.png,100
171,500_AT.png,100
172,223_AT.png,100
173,783_AT.png,100
174,499_AT.png,100
175,1054_AT.png,100
176,216_AT.png,100
177,784_AT.png,100
178,221_AT.png,100
179,1055_AT.png,100
180,217_AT.png,100
181,222_AT.png,100
182,1056_AT.png,100
183,218_AT.png,100
184,496_AT.png,100
185,1057_AT.png,100
186,219_AT.png,100
187,780_AT.png,100
188,1051_AT.png,100
189,213_AT.png,100
190,781_AT.png,100
191,1052_AT.png,100
192,214_AT.png,100
193,782_AT.png,100
194,1053_AT.png,100
195,215_AT.png,100
196,212_AT.png,100
197,1047_AT.png,100
198,776_AT.png,100
199,486_AT.png,100
200,209_AT.png,100
201,777_AT.png,100
202,1049_AT.png,100
203,779_AT.png,100
204,204_AT.png,100
205,1043_AT.png,100
206,205_AT.png,100
207,211_AT.png,100
208,1044_AT.png,100
209,483_AT.png,100
210,206_AT.png,100
211,210_AT.png,100
212,1050_AT.png,100
213,1045_AT.png,100
214,484_AT.png,100
215,207_AT.png,100
216,778_AT.png,100
217,1046_AT.png,100
218,485_AT.png,100
219,208_AT.png,100
220,201_AT.png,100
221,1040_AT.png,100
222,769_AT.png,100
223,479_AT.png,100
224,202_AT.png,100
225,1041_AT.png,100
226,770_AT.png,100
227,480_AT.png,100
228,203_AT.png,100
229,1042_AT.png,100
230,771_AT.png,100
231,481_AT.png,100
232,197_AT.png,100
233,765_AT.png,100
234,475_AT.png,100
235,198_AT.png,100
236,766_AT.png,100
237,1038_AT.png,100
238,199_AT.png,100
239,767_AT.png,100
240,477_AT.png,100
241,200_AT.png,100
242,1039_AT.png,100
243,768_AT.png,100
244,478_AT.png,100
245,471_AT.png,100
246,476_AT.png,100
247,194_AT.png,100
248,762_AT.png,100
249,472_AT.png,100
250,1034_AT.png,100
251,195_AT.png,100
252,763_AT.png,100
253,473_AT.png,100
254,196_AT.png,100
255,764_AT.png,100
256,474_AT.png,100
257,760_AT.png,100
258,470_AT.png,100
259,193_AT.png,100
260,761_AT.png,100
261,469_AT.png,100
262,192_AT.png,100
263,466_AT.png,100
264,186_AT.png,100
265,191_AT.png,100
266,754_AT.png,100
267,464_AT.png,100
268,1022_AT.png,100
269,465_AT.png,100
270,183_AT.png,100
271,751_AT.png,100
272,189_AT.png,100
273,752_AT.png,100
274,462_AT.png,100
275,185_AT.png,100
276,753_AT.png,100
277,757_AT.png,100
278,756_AT.png,100
279,190_AT.png,100
280,463_AT.png,100
281,1023_AT.png,100
282,180_AT.png,100
283,461_AT.png,100
284,458_AT.png,100
285,184_AT.png,100
286,749_AT.png,100
287,459_AT.png,100
288,467_AT.png,100
289,182_AT.png,100
290,750_AT.png,100
291,460_AT.png,100
292,748_AT.png,100
293,179_AT.png,100
294,175_AT.png,100
295,743_AT.png,100
296,453_AT.png,100
297,188_AT.png,100
298,176_AT.png,100
299,744_AT.png,100
300,454_AT.png,100
301,455_AT.png,100
302,178_AT.png,100
303,746_AT.png,100
304,452_AT.png,100
305,174_AT.png,100
306,448_AT.png,100
307,1010_AT.png,100
308,171_AT.png,100
309,449_AT.png,100
310,172_AT.png,100
311,450_AT.png,100
312,747_AT.png,100
313,177_AT.png,100
314,173_AT.png,100
315,734_AT.png,100
316,444_AT.png,100
317,167_AT.png,100
318,735_AT.png,100
319,445_AT.png,100
320,168_AT.png,100
321,736_AT.png,100
322,446_AT.png,100
323,169_AT.png,100
324,451_AT.png,100
325,741_AT.png,100
326,447_AT.png,100
327,742_AT.png,100
328,170_AT.png,100
329,439_AT.png,100
330,730_AT.png,100
331,162_AT.png,100
332,457_AT.png,100
333,440_AT.png,100
334,456_AT.png,100
335,163_AT.png,100
336,441_AT.png,100
337,737_AT.png,100
338,164_AT.png,100
339,732_AT.png,100
340,442_AT.png,100
341,165_AT.png,100
342,733_AT.png,100
343,443_AT.png,100
344,996_AT.png,100
345,157_AT.png,100
346,997_AT.png,100
347,435_AT.png,100
348,158_AT.png,100
349,436_AT.png,100
350,998_AT.png,100
351,159_AT.png,100
352,437_AT.png,100
353,160_AT.png,100
354,438_AT.png,100
355,430_AT.png,100
356,992_AT.png,100
357,153_AT.png,100
358,431_AT.png,100
359,993_AT.png,100
360,154_AT.png,100
361,432_AT.png,100
362,994_AT.png,100
363,155_AT.png,100
364,433_AT.png,100
365,995_AT.png,100
366,156_AT.png,100
367,434_AT.png,100
368,468_AT.png,100
369,148_AT.png,100
370,426_AT.png,100
371,988_AT.png,100
372,149_AT.png,100
373,427_AT.png,100
374,989_AT.png,100
375,150_AT.png,100
376,428_AT.png,100
377,151_AT.png,100
378,758_AT.png,100
379,429_AT.png,100
380,144_AT.png,100
381,984_AT.png,100
382,145_AT.png,100
383,985_AT.png,100
384,146_AT.png,100
385,986_AT.png,100
386,147_AT.png,100
387,987_AT.png,100
388,140_AT.png,100
389,141_AT.png,100
390,142_AT.png,100
391,143_AT.png,100
392,412_AT.png,100
393,974_AT.png,100
394,135_AT.png,100
395,413_AT.png,100
396,136_AT.png,100
397,976_AT.png,100
398,137_AT.png,100
399,138_AT.png,100
400,416_AT.png,100
401,130_AT.png,100
402,187_AT.png,100
403,128_AT.png,100
404,408_AT.png,100
405,755_AT.png,100
406,971_AT.png,100
407,700_AT.png,100
408,132_AT.png,100
409,410_AT.png,100
410,972_AT.png,100
411,701_AT.png,100
412,133_AT.png,100
413,411_AT.png,100
414,973_AT.png,100
415,702_AT.png,100
416,134_AT.png,100
417,965_AT.png,100
418,970_AT.png,100
419,694_AT.png,100
420,126_AT.png,100
421,404_AT.png,100
422,966_AT.png,100
423,127_AT.png,100
424,409_AT.png,100
425,405_AT.png,100
426,967_AT.png,100
427,696_AT.png,100
428,968_AT.png,100
429,406_AT.png,100
430,129_AT.png,100
431,407_AT.png,100
432,969_AT.png,100
433,698_AT.png,100
434,961_AT.png,100
435,690_AT.png,100
436,122_AT.png,100
437,400_AT.png,100
438,962_AT.png,100
439,691_AT.png,100
440,123_AT.png,100
441,401_AT.png,100
442,963_AT.png,100
443,692_AT.png,100
444,124_AT.png,100
445,402_AT.png,100
446,697_AT.png,100
447,693_AT.png,100
448,125_AT.png,100
449,403_AT.png,100
450,699_AT.png,100
451,395_AT.png,100
452,957_AT.png,100
453,686_AT.png,100
454,118_AT.png,100
455,396_AT.png,100
456,687_AT.png,100
457,119_AT.png,100
458,397_AT.png,100
459,688_AT.png,100
460,120_AT.png,100
461,398_AT.png,100
462,689_AT.png,100
463,121_AT.png,100
464,399_AT.png,100
465,952_AT.png,100
466,113_AT.png,100
467,681_AT.png,100
468,391_AT.png,100
469,953_AT.png,100
470,114_AT.png,100
471,954_AT.png,100
472,392_AT.png,100
473,683_AT.png,100
474,115_AT.png,100
475,393_AT.png,100
476,955_AT.png,100
477,684_AT.png,100
478,116_AT.png,100
479,394_AT.png,100
480,956_AT.png,100
481,117_AT.png,100
482,678_AT.png,100
483,110_AT.png,100
484,388_AT.png,100
485,679_AT.png,100
486,111_AT.png,100
487,389_AT.png,100
488,680_AT.png,100
489,112_AT.png,100
490,390_AT.png,100
491,941_AT.png,100
492,379_AT.png,100
493,101_AT.png,100
494,669_AT.png,100
495,940_AT.png,100
496,378_AT.png,100
497,670_AT.png,100
498,939_AT.png,100
499,377_AT.png,100
500,99_AT.png,100
501,667_AT.png,100
502,668_AT.png,100
503,944_AT.png,100
504,382_AT.png,100
505,104_AT.png,100
506,672_AT.png,100
507,943_AT.png,100
508,381_AT.png,100
509,671_AT.png,100
510,942_AT.png,100
511,380_AT.png,100
512,102_AT.png,100
513,673_AT.png,100
514,100_AT.png,100
515,383_AT.png,100
516,945_AT.png,100
517,109_AT.png,100
518,677_AT.png,100
519,948_AT.png,100
520,386_AT.png,100
521,108_AT.png,100
522,676_AT.png,100
523,947_AT.png,100
524,385_AT.png,100
525,107_AT.png,100
526,675_AT.png,100
527,946_AT.png,100
528,384_AT.png,100
529,106_AT.png,100
530,674_AT.png,100
531,105_AT.png,100
532,387_AT.png,100
533,76_AT.png,100
534,354_AT.png,100
535,644_AT.png,100
536,75_AT.png,100
537,353_AT.png,100
538,914_AT.png,100
539,74_AT.png,100
540,352_AT.png,100
541,913_AT.png,100
542,73_AT.png,100
543,351_AT.png,100
544,912_AT.png,100
545,365_AT.png,100
546,655_AT.png,100
547,926_AT.png,100
548,86_AT.png,100
549,364_AT.png,100
550,925_AT.png,100
551,927_AT.png,100
552,79_AT.png,100
553,357_AT.png,100
554,918_AT.png,100
555,78_AT.png,100
556,356_AT.png,100
557,917_AT.png,100
558,77_AT.png,100
559,355_AT.png,100
560,916_AT.png,100
561,929_AT.png,100
562,89_AT.png,100
563,367_AT.png,100
564,657_AT.png,100
565,928_AT.png,100
566,88_AT.png,100
567,366_AT.png,100
568,656_AT.png,100
569,658_AT.png,100
570,923_AT.png,100
571,83_AT.png,100
572,651_AT.png,100
573,922_AT.png,100
574,82_AT.png,100
575,360_AT.png,100
576,650_AT.png,100
577,921_AT.png,100
578,81_AT.png,100
579,359_AT.png,100
580,920_AT.png,100
581,80_AT.png,100
582,358_AT.png,100
583,919_AT.png,100
584,90_AT.png,100
585,368_AT.png,100
586,369_AT.png,100
587,659_AT.png,100
588,363_AT.png,100
589,653_AT.png,100
590,924_AT.png,100
591,84_AT.png,100
592,652_AT.png,100
593,92_AT.png,100
594,370_AT.png,100
595,660_AT.png,100
596,931_AT.png,100
597,91_AT.png,100
598,85_AT.png,100
599,932_AT.png,100
600,93_AT.png,100
601,371_AT.png,100
602,661_AT.png,100
603,933_AT.png,100
604,662_AT.png,100
605,938_AT.png,100
606,98_AT.png,100
607,376_AT.png,100
608,666_AT.png,100
609,937_AT.png,100
610,97_AT.png,100
611,375_AT.png,100
612,665_AT.png,100
613,936_AT.png,100
614,96_AT.png,100
615,374_AT.png,100
616,935_AT.png,100
617,95_AT.png,100
618,373_AT.png,100
619,663_AT.png,100
620,934_AT.png,100
621,94_AT.png,100
622,372_AT.png,100
623,350_AT.png,100
624,909_AT.png,100
625,69_AT.png,100
626,911_AT.png,100
627,347_AT.png,100
628,908_AT.png,100
629,910_AT.png,100
630,331_AT.png,100
631,612_AT.png,100
632,53_AT.png,100
633,600_AT.png,100
634,342_AT.png,100
635,632_AT.png,100
636,903_AT.png,100
637,63_AT.png,100
638,341_AT.png,100
639,631_AT.png,100
640,319_AT.png,100
641,893_AT.png,100
642,348_AT.png,100
643,64_AT.png,100
644,67_AT.png,100
645,71_AT.png,100
646,68_AT.png,100
647,349_AT.png,100
648,345_AT.png,100
649,344_AT.png,100
650,634_AT.png,100
651,72_AT.png,100
652,320_AT.png,100
653,41_AT.png,100
654,603_AT.png,100
655,43_AT.png,100
656,321_AT.png,100
657,602_AT.png,100
658,42_AT.png,100
659,904_AT.png,100
660,888_AT.png,100
661,48_AT.png,100
662,326_AT.png,100
663,887_AT.png,100
664,47_AT.png,100
665,325_AT.png,100
666,606_AT.png,100
667,46_AT.png,100
668,324_AT.png,100
669,605_AT.png,100
670,45_AT.png,100
671,323_AT.png,100
672,604_AT.png,100
673,44_AT.png,100
674,322_AT.png,100
675,894_AT.png,100
676,54_AT.png,100
677,332_AT.png,100
678,613_AT.png,100
679,896_AT.png,100
680,56_AT.png,100
681,334_AT.png,100
682,615_AT.png,100
683,895_AT.png,100
684,55_AT.png,100
685,333_AT.png,100
686,614_AT.png,100
687,633_AT.png,100
688,51_AT.png,100
689,329_AT.png,100
690,610_AT.png,100
691,890_AT.png,100
692,50_AT.png,100
693,328_AT.png,100
694,609_AT.png,100
695,49_AT.png,100
696,327_AT.png,100
697,608_AT.png,100
698,897_AT.png,100
699,57_AT.png,100
700,335_AT.png,100
701,616_AT.png,100
702,316_AT.png,100
703,597_AT.png,100
704,37_AT.png,100
705,596_AT.png,100
706,36_AT.png,100
707,900_AT.png,100
708,902_AT.png,100
709,62_AT.png,100
710,340_AT.png,100
711,630_AT.png,100
712,60_AT.png,100
713,901_AT.png,100
714,61_AT.png,100
715,339_AT.png,100
716,629_AT.png,100
717,338_AT.png,100
718,628_AT.png,100
719,59_AT.png,100
720,627_AT.png,100
721,337_AT.png,100
722,898_AT.png,100
723,336_AT.png,100
724,617_AT.png,100
725,892_AT.png,100
726,52_AT.png,100
727,330_AT.png,100
728,891_AT.png,100
729,40_AT.png,100
730,318_AT.png,100
731,39_AT.png,100
732,317_AT.png,100
733,598_AT.png,100
734,38_AT.png,100
735,70_AT.png,100
736,343_AT.png,100
737,65_AT.png,100
738,905_AT.png,100
739,568_AT.png,100
740,849_AT.png,100
741,1111_AT.png,100
742,1117_AT.png,100
743,573_AT.png,100
744,292_AT.png,100
745,13_AT.png,100
746,577_AT.png,100
747,296_AT.png,100
748,857_AT.png,100
749,17_AT.png,100
750,576_AT.png,100
751,295_AT.png,100
752,294_AT.png,100
753,855_AT.png,100
754,575_AT.png,100
755,856_AT.png,100
756,16_AT.png,100
757,15_AT.png,100
758,572_AT.png,100
759,853_AT.png,100
760,291_AT.png,100
761,12_AT.png,100
762,571_AT.png,100
763,290_AT.png,100
764,852_AT.png,100
765,11_AT.png,100
766,570_AT.png,100
767,851_AT.png,100
768,289_AT.png,100
769,10_AT.png,100
770,569_AT.png,100
771,850_AT.png,100
772,288_AT.png,100
773,9_AT.png,100
774,1118_AT.png,100
775,1109_AT.png,100
776,1119_AT.png,100
777,1108_AT.png,100
778,1120_AT.png,100
779,23_AT.png,100
780,14_AT.png,100
781,843_AT.png,100
782,281_AT.png,100
783,854_AT.png,100
784,2_AT.png,100
785,1_AT.png,100
786,1116_AT.png,100
787,1121_AT.png,100
788,301_AT.png,100
789,862_AT.png,100
790,22_AT.png,100
791,300_AT.png,100
792,581_AT.png,100
793,861_AT.png,100
794,21_AT.png,100
795,580_AT.png,100
796,299_AT.png,100
797,20_AT.png,100
798,860_AT.png,100
799,298_AT.png,100
800,859_AT.png,100
801,19_AT.png,100
802,578_AT.png,100
803,297_AT.png,100
804,858_AT.png,100
805,18_AT.png,100
806,1110_AT.png,100
807,863_AT.png,100
808,293_AT.png,100
809,3_AT.png,100
810,562_AT.png,100
811,574_AT.png,100
812,303_AT.png,100
813,24_AT.png,100
814,864_AT.png,100
815,302_AT.png,100
816,583_AT.png,100
817,4_AT.png,100
818,25_AT.png,100
819,844_AT.png,100
820,282_AT.png,100
821,867_AT.png,100
822,27_AT.png,100
823,305_AT.png,100
824,866_AT.png,100
825,304_AT.png,100
826,26_AT.png,100
827,585_AT.png,100
828,865_AT.png,100
829,33_AT.png,100
830,311_AT.png,100
831,872_AT.png,100
832,32_AT.png,100
833,310_AT.png,100
834,871_AT.png,100
835,31_AT.png,100
836,309_AT.png,100
837,870_AT.png,100
838,308_AT.png,100
839,589_AT.png,100
840,869_AT.png,100
841,29_AT.png,100
842,307_AT.png,100
843,28_AT.png,100
844,306_AT.png,100
845,595_AT.png,100
846,875_AT.png,100
847,35_AT.png,100
848,313_AT.png,100
849,874_AT.png,100
850,34_AT.png,100
851,312_AT.png,100
852,873_AT.png,100
853,314_AT.png,100
854,8_AT.png,100
855,848_AT.png,100
856,567_AT.png,100
857,286_AT.png,100
858,7_AT.png,100
859,566_AT.png,100
860,847_AT.png,100
861,6_AT.png,100
862,285_AT.png,100
863,565_AT.png,100
864,846_AT.png,100
865,284_AT.png,100
866,845_AT.png,100
867,5_AT.png,100
868,283_AT.png,100
869,287_AT.png,100
870,346_AT.png,100
871,864_BR.png,100
872,863_BR.png,100
873,862_BR.png,100
874,861_BR.png,100
875,860_BR.png,100
876,859_BR.png,100
877,858_BR.png,100
878,857_BR.png,100
879,856_BR.png,100
880,3252_BR.png,100
881,855_BR.png,100
882,3251_BR.png,100
883,853_BR.png,100
884,3247_BR.png,100
885,5687_BR.png,100
886,850_BR.png,100
887,849_BR.png,100
888,5685_BR.png,100
889,848_BR.png,100
890,5684_BR.png,100
891,3244_BR.png,100
892,3243_BR.png,100
893,846_BR.png,100
894,3242_BR.png,100
895,845_BR.png,100
896,5681_BR.png,100
897,3241_BR.png,100
898,3240_BR.png,100
899,843_BR.png,100
900,3238_BR.png,100
901,841_BR.png,100
902,5677_BR.png,100
903,840_BR.png,100
904,3236_BR.png,100
905,839_BR.png,100
906,3235_BR.png,100
907,5674_BR.png,100
908,5673_BR.png,100
909,3233_BR.png,100
910,3232_BR.png,100
911,5668_BR.png,100
912,3229_BR.png,100
913,3228_BR.png,100
914,3227_BR.png,100
915,826_BR.png,100
916,825_BR.png,100
917,824_BR.png,100
918,821_BR.png,100
919,820_BR.png,100
920,5652_BR.png,100
921,819_BR.png,100
922,5650_BR.png,100
923,3216_BR.png,100
924,5649_BR.png,100
925,3214_BR.png,100
926,5648_BR.png,100
927,812_BR.png,100
928,5646_BR.png,100
929,3212_BR.png,100
930,811_BR.png,100
931,810_BR.png,100
932,809_BR.png,100
933,5642_BR.png,100
934,5644_BR.png,100
935,5643_BR.png,100
936,3209_BR.png,100
937,808_BR.png,100
938,3207_BR.png,100
939,806_BR.png,100
940,5640_BR.png,100
941,805_BR.png,100
942,5639_BR.png,100
943,3205_BR.png,100
944,3204_BR.png,100
945,3203_BR.png,100
946,802_BR.png,100
947,5636_BR.png,100
948,3201_BR.png,100
949,3200_BR.png,100
950,5632_BR.png,100
951,3197_BR.png,100
952,5629_BR.png,100
953,3194_BR.png,100
954,5626_BR.png,100
955,3192_BR.png,100
956,5625_BR.png,100
957,3189_BR.png,100
958,3188_BR.png,100
959,8052_BR.png,100
960,8051_BR.png,100
961,8050_BR.png,100
962,784_BR.png,100
963,8048_BR.png,100
964,781_BR.png,100
965,5615_BR.png,100
966,780_BR.png,100
967,3181_BR.png,100
968,5614_BR.png,100
969,3180_BR.png,100
970,3179_BR.png,100
971,3178_BR.png,100
972,776_BR.png,100
973,775_BR.png,100
974,3176_BR.png,100
975,774_BR.png,100
976,3175_BR.png,100
977,5607_BR.png,100
978,773_BR.png,100
979,8038_BR.png,100
980,5606_BR.png,100
981,772_BR.png,100
982,5605_BR.png,100
983,8037_BR.png,100
984,3171_BR.png,100
985,769_BR.png,100
986,5602_BR.png,100
987,5601_BR.png,100
988,3169_BR.png,100
989,5600_BR.png,100
990,765_BR.png,100
991,3167_BR.png,100
992,764_BR.png,100
993,5598_BR.png,100
994,8029_BR.png,100
995,5597_BR.png,100
996,5596_BR.png,100
997,5595_BR.png,100
998,3163_BR.png,100
999,8027_BR.png,100
1000,3162_BR.png,100
1001,8026_BR.png,100
1002,759_BR.png,100
1003,758_BR.png,100
1004,8025_BR.png,100
1005,8024_BR.png,100
1006,3159_BR.png,100
1007,8023_BR.png,100
1008,3157_BR.png,100
1009,754_BR.png,100
1010,5589_BR.png,100
1011,8021_BR.png,100
1012,752_BR.png,100
1013,3155_BR.png,100
1014,8019_BR.png,100
1015,8018_BR.png,100
1016,3153_BR.png,100
1017,8017_BR.png,100
1018,8016_BR.png,100
1019,8013_BR.png,100
1020,743_BR.png,100
1021,742_BR.png,100
1022,8010_BR.png,100
1023,741_BR.png,100
1024,740_BR.png,100
1025,739_BR.png,100
1026,8006_BR.png,100
1027,5574_BR.png,100
1028,738_BR.png,100
1029,5573_BR.png,100
1030,737_BR.png,100
1031,3141_BR.png,100
1032,8005_BR.png,100
1033,736_BR.png,100
1034,3140_BR.png,100
1035,8004_BR.png,100
1036,5571_BR.png,100
1037,3139_BR.png,100
1038,5570_BR.png,100
1039,5569_BR.png,100
1040,5568_BR.png,100
1041,3136_BR.png,100
1042,731_BR.png,100
1043,7999_BR.png,100
1044,3135_BR.png,100
1045,5564_BR.png,100
1046,3133_BR.png,100
1047,5561_BR.png,100
1048,3132_BR.png,100
1049,5560_BR.png,100
1050,3130_BR.png,100
1051,7991_BR.png,100
1052,7992_BR.png,100
1053,3129_BR.png,100
1054,7990_BR.png,100
1055,3128_BR.png,100
1056,721_BR.png,100
1057,7989_BR.png,100
1058,3126_BR.png,100
1059,7988_BR.png,100
1060,3125_BR.png,100
1061,7987_BR.png,100
1062,3040_BR.png,100
1063,633_BR.png,100
1064,5474_BR.png,100
1065,3050_BR.png,100
1066,5510_BR.png,100
1067,7949_BR.png,100
1068,7950_BR.png,100
1069,7985_BR.png,100
1070,7983_BR.png,100
1071,7982_BR.png,100
1072,5548_BR.png,100
1073,7981_BR.png,100
1074,5547_BR.png,100
1075,709_BR.png,100
1076,7980_BR.png,100
1077,710_BR.png,100
1078,7951_BR.png,100
1079,7978_BR.png,100
1080,3114_BR.png,100
1081,707_BR.png,100
1082,7977_BR.png,100
1083,706_BR.png,100
1084,7976_BR.png,100
1085,3112_BR.png,100
1086,7975_BR.png,100
1087,704_BR.png,100
1088,703_BR.png,100
1089,688_BR.png,100
1090,702_BR.png,100
1091,3108_BR.png,100
1092,3104_BR.png,100
1093,5535_BR.png,100
1094,7971_BR.png,100
1095,7970_BR.png,100
1096,698_BR.png,100
1097,697_BR.png,100
1098,3103_BR.png,100
1099,696_BR.png,100
1100,7966_BR.png,100
1101,5532_BR.png,100
1102,3102_BR.png,100
1103,3101_BR.png,100
1104,5530_BR.png,100
1105,3100_BR.png,100
1106,3099_BR.png,100
1107,692_BR.png,100
1108,5513_BR.png,100
1109,3088_BR.png,100
1110,3087_BR.png,100
1111,7952_BR.png,100
1112,3098_BR.png,100
1113,5528_BR.png,100
1114,5527_BR.png,100
1115,3095_BR.png,100
1116,3096_BR.png,100
1117,3083_BR.png,100
1118,3093_BR.png,100
1119,5524_BR.png,100
1120,682_BR.png,100
1121,685_BR.png,100
1122,671_BR.png,100
1123,7954_BR.png,100
1124,7953_BR.png,100
1125,7948_BR.png,100
1126,5519_BR.png,100
1127,3086_BR.png,100
1128,7945_BR.png,100
1129,7944_BR.png,100
1130,5507_BR.png,100
1131,3080_BR.png,100
1132,7940_BR.png,100
1133,3066_BR.png,100
1134,7937_BR.png,100
1135,7936_BR.png,100
1136,666_BR.png,100
1137,664_BR.png,100
1138,5501_BR.png,100
1139,7907_BR.png,100
1140,663_BR.png,100
1141,7933_BR.png,100
1142,5499_BR.png,100
1143,661_BR.png,100
1144,7908_BR.png,100
1145,660_BR.png,100
1146,7927_BR.png,100
1147,5495_BR.png,100
1148,659_BR.png,100
1149,3065_BR.png,100
1150,5493_BR.png,100
1151,655_BR.png,100
1152,7899_BR.png,100
1153,5491_BR.png,100
1154,7921_BR.png,100
1155,652_BR.png,100
1156,5489_BR.png,100
1157,5459_BR.png,100
1158,3030_BR.png,100
1159,620_BR.png,100
1160,626_BR.png,100
1161,628_BR.png,100
1162,7861_BR.png,100
1163,3019_BR.png,100
1164,5452_BR.png,100
1165,2998_BR.png,100
1166,3060_BR.png,100
1167,7897_BR.png,100
1168,650_BR.png,100
1169,7910_BR.png,100
1170,648_BR.png,100
1171,3058_BR.png,100
1172,3059_BR.png,100
1173,5485_BR.png,100
1174,5486_BR.png,100
1175,3054_BR.png,100
1176,3055_BR.png,100
1177,3051_BR.png,100
1178,5482_BR.png,100
1179,5483_BR.png,100
1180,631_BR.png,100
1181,3043_BR.png,100
1182,3052_BR.png,100
1183,7913_BR.png,100
1184,643_BR.png,100
1185,7912_BR.png,100
1186,632_BR.png,100
1187,630_BR.png,100
1188,5480_BR.png,100
1189,7909_BR.png,100
1190,5479_BR.png,100
1191,642_BR.png,100
1192,622_BR.png,100
1193,5454_BR.png,100
1194,621_BR.png,100
1195,623_BR.png,100
1196,624_BR.png,100
1197,3029_BR.png,100
1198,618_BR.png,100
1199,619_BR.png,100
1200,7877_BR.png,100
1201,5458_BR.png,100
1202,3027_BR.png,100
1203,3025_BR.png,100
1204,3026_BR.png,100
1205,5456_BR.png,100
1206,5455_BR.png,100
1207,614_BR.png,100
1208,3023_BR.png,100
1209,586_BR.png,100
1210,3020_BR.png,100
1211,7859_BR.png,100
1212,5450_BR.png,100
1213,7866_BR.png,100
1214,3018_BR.png,100
1215,7876_BR.png,100
1216,7864_BR.png,100
1217,5445_BR.png,100
1218,605_BR.png,100
1219,7875_BR.png,100
1220,7874_BR.png,100
1221,3016_BR.png,100
1222,7872_BR.png,100
1223,5443_BR.png,100
1224,3007_BR.png,100
1225,3012_BR.png,100
1226,7869_BR.png,100
1227,7870_BR.png,100
1228,597_BR.png,100
1229,598_BR.png,100
1230,3011_BR.png,100
1231,7868_BR.png,100
1232,596_BR.png,100
1233,593_BR.png,100
1234,3010_BR.png,100
1235,3001_BR.png,100
1236,7865_BR.png,100
1237,594_BR.png,100
1238,3008_BR.png,100
1239,3006_BR.png,100
1240,7863_BR.png,100
1241,7853_BR.png,100
1242,592_BR.png,100
1243,5423_BR.png,100
1244,3004_BR.png,100
1245,5425_BR.png,100
1246,590_BR.png,100
1247,588_BR.png,100
1248,585_BR.png,100
1249,5426_BR.png,100
1250,582_BR.png,100
1251,5422_BR.png,100
1252,5420_BR.png,100
1253,5421_BR.png,100
1254,577_BR.png,100
1255,5418_BR.png,100
1256,5417_BR.png,100
1257,573_BR.png,100
1258,2989_BR.png,100
1259,2988_BR.png,100
1260,5415_BR.png,100
1261,2987_BR.png,100
1262,5414_BR.png,100
1263,570_BR.png,100
1264,2986_BR.png,100
1265,5413_BR.png,100
1266,5411_BR.png,100
1267,7840_BR.png,100
1268,5410_BR.png,100
1269,7839_BR.png,100
1270,5406_BR.png,100
1271,2978_BR.png,100
1272,5409_BR.png,100
1273,5407_BR.png,100
1274,5408_BR.png,100
1275,7836_BR.png,100
1276,7834_BR.png,100
1277,7833_BR.png,100
1278,2974_BR.png,100
1279,7831_BR.png,100
1280,556_BR.png,100
1281,555_BR.png,100
1282,2972_BR.png,100
1283,2971_BR.png,100
1284,554_BR.png,100
1285,5399_BR.png,100
1286,553_BR.png,100
1287,2969_BR.png,100
1288,7827_BR.png,100
1289,552_BR.png,100
1290,550_BR.png,100
1291,551_BR.png,100
1292,7825_BR.png,100
1293,549_BR.png,100
1294,5392_BR.png,100
1295,546_BR.png,100
1296,2963_BR.png,100
1297,5391_BR.png,100
1298,544_BR.png,100
1299,5389_BR.png,100
1300,7814_BR.png,100
1301,5388_BR.png,100
1302,7813_BR.png,100
1303,542_BR.png,100
1304,540_BR.png,100
1305,5385_BR.png,100
1306,5384_BR.png,100
1307,5380_BR.png,100
1308,5383_BR.png,100
1309,5382_BR.png,100
1310,5381_BR.png,100
1311,2950_BR.png,100
1312,5379_BR.png,100
1313,5378_BR.png,100
1314,7803_BR.png,100
1315,5377_BR.png,100
1316,531_BR.png,100
1317,7802_BR.png,100
1318,5376_BR.png,100
1319,7800_BR.png,100
1320,7799_BR.png,100
1321,2943_BR.png,100
1322,7798_BR.png,100
1323,2942_BR.png,100
1324,7797_BR.png,100
1325,525_BR.png,100
1326,7796_BR.png,100
1327,2940_BR.png,100
1328,7795_BR.png,100
1329,5366_BR.png,100
1330,2939_BR.png,100
1331,7790_BR.png,100
1332,518_BR.png,100
1333,7789_BR.png,100
1334,517_BR.png,100
1335,7788_BR.png,100
1336,2933_BR.png,100
1337,7785_BR.png,100
1338,2932_BR.png,100
1339,2931_BR.png,100
1340,5353_BR.png,100
1341,511_BR.png,100
1342,7783_BR.png,100
1343,509_BR.png,100
1344,7782_BR.png,100
1345,2927_BR.png,100
1346,2926_BR.png,100
1347,5351_BR.png,100
1348,507_BR.png,100
1349,2925_BR.png,100
1350,506_BR.png,100
1351,5349_BR.png,100
1352,505_BR.png,100
1353,5347_BR.png,100
1354,2922_BR.png,100
1355,502_BR.png,100
1356,5345_BR.png,100
1357,5344_BR.png,100
1358,500_BR.png,100
1359,498_BR.png,100
1360,5342_BR.png,100
1361,496_BR.png,100
1362,497_BR.png,100
1363,5341_BR.png,100
1364,7766_BR.png,100
1365,7765_BR.png,100
1366,5338_BR.png,100
1367,492_BR.png,100
1368,491_BR.png,100
1369,2909_BR.png,100
1370,7762_BR.png,100
1371,7761_BR.png,100
1372,5334_BR.png,100
1373,2907_BR.png,100
1374,5333_BR.png,100
1375,7759_BR.png,100
1376,2905_BR.png,100
1377,7758_BR.png,100
1378,2904_BR.png,100
1379,7757_BR.png,100
1380,2903_BR.png,100
1381,7754_BR.png,100
1382,2902_BR.png,100
1383,5329_BR.png,100
1384,7755_BR.png,100
1385,2900_BR.png,100
1386,7753_BR.png,100
1387,2901_BR.png,100
1388,2899_BR.png,100
1389,5325_BR.png,100
1390,479_BR.png,100
1391,2898_BR.png,100
1392,7751_BR.png,100
1393,478_BR.png,100
1394,7750_BR.png,100
1395,476_BR.png,100
1396,7747_BR.png,100
1397,474_BR.png,100
1398,2895_BR.png,100
1399,472_BR.png,100
1400,7743_BR.png,100
1401,5317_BR.png,100
1402,2888_BR.png,100
1403,2886_BR.png,100
1404,7740_BR.png,100
1405,5314_BR.png,100
1406,467_BR.png,100
1407,5313_BR.png,100
1408,2884_BR.png,100
1409,466_BR.png,100
1410,5312_BR.png,100
1411,5311_BR.png,100
1412,463_BR.png,100
1413,5310_BR.png,100
1414,5308_BR.png,100
1415,460_BR.png,100
1416,5307_BR.png,100
1417,5306_BR.png,100
1418,5304_BR.png,100
1419,456_BR.png,100
1420,455_BR.png,100
1421,2871_BR.png,100
1422,7725_BR.png,100
1423,454_BR.png,100
1424,2870_BR.png,100
1425,7723_BR.png,100
1426,5301_BR.png,100
1427,2869_BR.png,100
1428,5300_BR.png,100
1429,7721_BR.png,100
1430,5299_BR.png,100
1431,2867_BR.png,100
1432,7720_BR.png,100
1433,2866_BR.png,100
1434,447_BR.png,100
1435,7719_BR.png,100
1436,2864_BR.png,100
1437,7718_BR.png,100
1438,7717_BR.png,100
1439,2862_BR.png,100
1440,7716_BR.png,100
1441,2860_BR.png,100
1442,7714_BR.png,100
1443,2859_BR.png,100
1444,7713_BR.png,100
1445,2858_BR.png,100
1446,442_BR.png,100
1447,7712_BR.png,100
1448,2857_BR.png,100
1449,440_BR.png,100
1450,2856_BR.png,100
1451,7710_BR.png,100
1452,439_BR.png,100
1453,2855_BR.png,100
1454,7709_BR.png,100
1455,438_BR.png,100
1456,2853_BR.png,100
1457,2854_BR.png,100
1458,437_BR.png,100
1459,7706_BR.png,100
1460,435_BR.png,100
1461,2851_BR.png,100
1462,434_BR.png,100
1463,7705_BR.png,100
1464,7704_BR.png,100
1465,433_BR.png,100
1466,5281_BR.png,100
1467,2849_BR.png,100
1468,432_BR.png,100
1469,5280_BR.png,100
1470,2848_BR.png,100
1471,431_BR.png,100
1472,7701_BR.png,100
1473,5279_BR.png,100
1474,430_BR.png,100
1475,5278_BR.png,100
1476,7700_BR.png,100
1477,429_BR.png,100
1478,5277_BR.png,100
1479,428_BR.png,100
1480,5275_BR.png,100
1481,5276_BR.png,100
1482,2844_BR.png,100
1483,2843_BR.png,100
1484,5273_BR.png,100
1485,423_BR.png,100
1486,5272_BR.png,100
1487,5271_BR.png,100
1488,5270_BR.png,100
1489,2836_BR.png,100
1490,5269_BR.png,100
1491,5267_BR.png,100
1492,5266_BR.png,100
1493,2831_BR.png,100
1494,2830_BR.png,100
1495,2829_BR.png,100
1496,7683_BR.png,100
1497,7682_BR.png,100
1498,2827_BR.png,100
1499,7681_BR.png,100
1500,2823_BR.png,100
1501,7677_BR.png,100
1502,2821_BR.png,100
1503,7675_BR.png,100
1504,2819_BR.png,100
1505,5250_BR.png,100
1506,2818_BR.png,100
1507,399_BR.png,100
1508,398_BR.png,100
1509,2817_BR.png,100
1510,5247_BR.png,100
1511,397_BR.png,100
1512,2816_BR.png,100
1513,7669_BR.png,100
1514,396_BR.png,100
1515,2815_BR.png,100
1516,5244_BR.png,100
1517,394_BR.png,100
1518,7666_BR.png,100
1519,2811_BR.png,100
1520,5242_BR.png,100
1521,5240_BR.png,100
1522,392_BR.png,100
1523,2810_BR.png,100
1524,2809_BR.png,100
1525,5241_BR.png,100
1526,5238_BR.png,100
1527,7661_BR.png,100
1528,2807_BR.png,100
1529,5237_BR.png,100
1530,7660_BR.png,100
1531,5236_BR.png,100
1532,387_BR.png,100
1533,386_BR.png,100
1534,2804_BR.png,100
1535,5234_BR.png,100
1536,384_BR.png,100
1537,385_BR.png,100
1538,2803_BR.png,100
1539,7656_BR.png,100
1540,5231_BR.png,100
1541,5230_BR.png,100
1542,382_BR.png,100
1543,2800_BR.png,100
1544,381_BR.png,100
1545,2799_BR.png,100
1546,5228_BR.png,100
1547,5223_BR.png,100
1548,2790_BR.png,100
1549,2788_BR.png,100
1550,2784_BR.png,100
1551,2786_BR.png,100
1552,5213_BR.png,100
1553,7638_BR.png,100
1554,2782_BR.png,100
1555,7637_BR.png,100
1556,5212_BR.png,100
1557,7634_BR.png,100
1558,5210_BR.png,100
1559,2780_BR.png,100
1560,7635_BR.png,100
1561,2781_BR.png,100
1562,363_BR.png,100
1563,5209_BR.png,100
1564,360_BR.png,100
1565,362_BR.png,100
1566,359_BR.png,100
1567,7633_BR.png,100
1568,5206_BR.png,100
1569,5207_BR.png,100
1570,5205_BR.png,100
1571,2777_BR.png,100
1572,2778_BR.png,100
1573,358_BR.png,100
1574,7630_BR.png,100
1575,2776_BR.png,100
1576,357_BR.png,100
1577,2775_BR.png,100
1578,5203_BR.png,100
1579,354_BR.png,100
1580,5201_BR.png,100
1581,2772_BR.png,100
1582,7626_BR.png,100
1583,7625_BR.png,100
1584,352_BR.png,100
1585,5199_BR.png,100
1586,351_BR.png,100
1587,5198_BR.png,100
1588,7623_BR.png,100
1589,350_BR.png,100
1590,7620_BR.png,100
1591,348_BR.png,100
1592,7619_BR.png,100
1593,347_BR.png,100
1594,5194_BR.png,100
1595,7614_BR.png,100
1596,346_BR.png,100
1597,5193_BR.png,100
1598,2764_BR.png,100
1599,7617_BR.png,100
1600,7616_BR.png,100
1601,5191_BR.png,100
1602,342_BR.png,100
1603,340_BR.png,100
1604,5186_BR.png,100
1605,7611_BR.png,100
1606,5185_BR.png,100
1607,337_BR.png,100
1608,334_BR.png,100
1609,7605_BR.png,100
1610,2749_BR.png,100
1611,2744_BR.png,100
1612,5176_BR.png,100
1613,2748_BR.png,100
1614,317_BR.png,100
1615,5175_BR.png,100
1616,2747_BR.png,100
1617,2746_BR.png,100
1618,5173_BR.png,100
1619,2745_BR.png,100
1620,5172_BR.png,100
1621,2743_BR.png,100
1622,2741_BR.png,100
1623,7594_BR.png,100
1624,5168_BR.png,100
1625,321_BR.png,100
1626,5169_BR.png,100
1627,2740_BR.png,100
1628,5165_BR.png,100
1629,5164_BR.png,100
1630,7592_BR.png,100
1631,319_BR.png,100
1632,5166_BR.png,100
1633,2737_BR.png,100
1634,315_BR.png,100
1635,5163_BR.png,100
1636,2733_BR.png,100
1637,7587_BR.png,100
1638,5162_BR.png,100
1639,5160_BR.png,100
1640,5161_BR.png,100
1641,7586_BR.png,100
1642,7585_BR.png,100
1643,5159_BR.png,100
1644,7584_BR.png,100
1645,2728_BR.png,100
1646,309_BR.png,100
1647,7582_BR.png,100
1648,308_BR.png,100
1649,5156_BR.png,100
1650,307_BR.png,100
1651,2726_BR.png,100
1652,7579_BR.png,100
1653,7578_BR.png,100
1654,304_BR.png,100
1655,303_BR.png,100
1656,302_BR.png,100
1657,300_BR.png,100
1658,301_BR.png,100
1659,7573_BR.png,100
1660,7574_BR.png,100
1661,297_BR.png,100
1662,5144_BR.png,100
1663,2714_BR.png,100
1664,2713_BR.png,100
1665,2712_BR.png,100
1666,2711_BR.png,100
1667,2710_BR.png,100
1668,2708_BR.png,100
1669,5135_BR.png,100
1670,5134_BR.png,100
1671,2707_BR.png,100
1672,5132_BR.png,100
1673,7558_BR.png,100
1674,5131_BR.png,100
1675,5130_BR.png,100
1676,7557_BR.png,100
1677,282_BR.png,100
1678,2702_BR.png,100
1679,5129_BR.png,100
1680,281_BR.png,100
1681,280_BR.png,100
1682,2700_BR.png,100
1683,2698_BR.png,100
1684,7554_BR.png,100
1685,279_BR.png,100
1686,278_BR.png,100
1687,2697_BR.png,100
1688,5125_BR.png,100
1689,7552_BR.png,100
1690,276_BR.png,100
1691,277_BR.png,100
1692,5124_BR.png,100
1693,7550_BR.png,100
1694,275_BR.png,100
1695,2694_BR.png,100
1696,274_BR.png,100
1697,5120_BR.png,100
1698,7547_BR.png,100
1699,5119_BR.png,100
1700,7546_BR.png,100
1701,269_BR.png,100
1702,5116_BR.png,100
1703,2688_BR.png,100
1704,268_BR.png,100
1705,7543_BR.png,100
1706,5114_BR.png,100
1707,2686_BR.png,100
1708,7541_BR.png,100
1709,265_BR.png,100
1710,264_BR.png,100
1711,7539_BR.png,100
1712,7538_BR.png,100
1713,5110_BR.png,100
1714,7537_BR.png,100
1715,260_BR.png,100
1716,2680_BR.png,100
1717,7536_BR.png,100
1718,2678_BR.png,100
1719,259_BR.png,100
1720,7534_BR.png,100
1721,5106_BR.png,100
1722,2677_BR.png,100
1723,2676_BR.png,100
1724,7531_BR.png,100
1725,2674_BR.png,100
1726,2672_BR.png,100
1727,2670_BR.png,100
1728,5095_BR.png,100
1729,5093_BR.png,100
1730,249_BR.png,100
1731,2667_BR.png,100
1732,247_BR.png,100
1733,7521_BR.png,100
1734,5090_BR.png,100
1735,2664_BR.png,100
1736,7515_BR.png,100
1737,2663_BR.png,100
1738,245_BR.png,100
1739,5088_BR.png,100
1740,244_BR.png,100
1741,7516_BR.png,100
1742,2661_BR.png,100
1743,7517_BR.png,100
1744,5086_BR.png,100
1745,5085_BR.png,100
1746,242_BR.png,100
1747,5084_BR.png,100
1748,7514_BR.png,100
1749,240_BR.png,100
1750,239_BR.png,100
1751,7512_BR.png,100
1752,5080_BR.png,100
1753,237_BR.png,100
1754,7511_BR.png,100
1755,5079_BR.png,100
1756,7510_BR.png,100
1757,235_BR.png,100
1758,7509_BR.png,100
1759,234_BR.png,100
1760,2651_BR.png,100
1761,7508_BR.png,100
1762,233_BR.png,100
1763,232_BR.png,100
1764,231_BR.png,100
1765,7504_BR.png,100
1766,5071_BR.png,100
1767,7505_BR.png,100
1768,230_BR.png,100
1769,5069_BR.png,100
1770,2644_BR.png,100
1771,226_BR.png,100
1772,7501_BR.png,100
1773,2643_BR.png,100
1774,2641_BR.png,100
1775,7500_BR.png,100
1776,2642_BR.png,100
1777,2639_BR.png,100
1778,2638_BR.png,100
1779,7494_BR.png,100
1780,2636_BR.png,100
1781,2634_BR.png,100
1782,2633_BR.png,100
1783,215_BR.png,100
1784,214_BR.png,100
1785,2631_BR.png,100
1786,213_BR.png,100
1787,2630_BR.png,100
1788,2629_BR.png,100
1789,5053_BR.png,100
1790,7486_BR.png,100
1791,2628_BR.png,100
1792,7485_BR.png,100
1793,5052_BR.png,100
1794,210_BR.png,100
1795,7484_BR.png,100
1796,5050_BR.png,100
1797,7482_BR.png,100
1798,5049_BR.png,100
1799,207_BR.png,100
1800,5048_BR.png,100
1801,2623_BR.png,100
1802,5047_BR.png,100
1803,2622_BR.png,100
1804,7479_BR.png,100
1805,2620_BR.png,100
1806,7478_BR.png,100
1807,5045_BR.png,100
1808,5044_BR.png,100
1809,7476_BR.png,100
1810,5043_BR.png,100
1811,5042_BR.png,100
1812,7474_BR.png,100
1813,5041_BR.png,100
1814,7472_BR.png,100
1815,7471_BR.png,100
1816,197_BR.png,100
1817,196_BR.png,100
1818,5038_BR.png,100
1819,195_BR.png,100
1820,192_BR.png,100
1821,5035_BR.png,100
1822,191_BR.png,100
1823,2606_BR.png,100
1824,7462_BR.png,100
1825,2605_BR.png,100
1826,188_BR.png,100
1827,2604_BR.png,100
1828,5029_BR.png,100
1829,7460_BR.png,100
1830,5030_BR.png,100
1831,2603_BR.png,100
1832,5027_BR.png,100
1833,7453_BR.png,100
1834,7452_BR.png,100
1835,179_BR.png,100
1836,2597_BR.png,100
1837,7451_BR.png,100
1838,178_BR.png,100
1839,7450_BR.png,100
1840,177_BR.png,100
1841,2595_BR.png,100
1842,176_BR.png,100
1843,5021_BR.png,100
1844,2594_BR.png,100
1845,7448_BR.png,100
1846,175_BR.png,100
1847,2593_BR.png,100
1848,7447_BR.png,100
1849,174_BR.png,100
1850,7445_BR.png,100
1851,172_BR.png,100
1852,2590_BR.png,100
1853,7444_BR.png,100
1854,171_BR.png,100
1855,2589_BR.png,100
1856,7443_BR.png,100
1857,2588_BR.png,100
1858,2587_BR.png,100
1859,7440_BR.png,100
1860,2586_BR.png,100
1861,7439_BR.png,100
1862,2584_BR.png,100
1863,2585_BR.png,100
1864,166_BR.png,100
1865,7437_BR.png,100
1866,165_BR.png,100
1867,7436_BR.png,100
1868,5009_BR.png,100
1869,5008_BR.png,100
1870,5007_BR.png,100
1871,5006_BR.png,100
1872,2579_BR.png,100
1873,5005_BR.png,100
1874,159_BR.png,100
1875,5004_BR.png,100
1876,158_BR.png,100
1877,5003_BR.png,100
1878,153_BR.png,100
1879,7425_BR.png,100
1880,4999_BR.png,100
1881,4996_BR.png,100
1882,7420_BR.png,100
1883,2565_BR.png,100
1884,148_BR.png,100
1885,2562_BR.png,100
1886,7414_BR.png,100
1887,2561_BR.png,100
1888,144_BR.png,100
1889,4989_BR.png,100
1890,7411_BR.png,100
1891,4988_BR.png,100
1892,7410_BR.png,100
1893,4987_BR.png,100
1894,141_BR.png,100
1895,2557_BR.png,100
1896,7408_BR.png,100
1897,139_BR.png,100
1898,4984_BR.png,100
1899,138_BR.png,100
1900,137_BR.png,100
1901,7405_BR.png,100
1902,4982_BR.png,100
1903,136_BR.png,100
1904,7403_BR.png,100
1905,7402_BR.png,100
1906,132_BR.png,100
1907,131_BR.png,100
1908,2549_BR.png,100
1909,7395_BR.png,100
1910,2548_BR.png,100
1911,7399_BR.png,100
1912,129_BR.png,100
1913,4970_BR.png,100
1914,128_BR.png,100
1915,7396_BR.png,100
1916,7394_BR.png,100
1917,124_BR.png,100
1918,4969_BR.png,100
1919,4968_BR.png,100
1920,122_BR.png,100
1921,121_BR.png,100
1922,4965_BR.png,100
1923,4963_BR.png,100
1924,118_BR.png,100
1925,4962_BR.png,100
1926,2534_BR.png,100
1927,2533_BR.png,100
1928,2532_BR.png,100
1929,4959_BR.png,100
1930,113_BR.png,100
1931,2531_BR.png,100
1932,4958_BR.png,100
1933,112_BR.png,100
1934,7380_BR.png,100
1935,111_BR.png,100
1936,7379_BR.png,100
1937,4956_BR.png,100
1938,2528_BR.png,100
1939,4955_BR.png,100
1940,7376_BR.png,100
1941,108_BR.png,100
1942,7375_BR.png,100
1943,4953_BR.png,100
1944,107_BR.png,100
1945,106_BR.png,100
1946,4951_BR.png,100
1947,105_BR.png,100
1948,7372_BR.png,100
1949,104_BR.png,100
1950,2520_BR.png,100
1951,7371_BR.png,100
1952,4949_BR.png,100
1953,103_BR.png,100
1954,2519_BR.png,100
1955,4948_BR.png,100
1956,4947_BR.png,100
1957,101_BR.png,100
1958,2517_BR.png,100
1959,7368_BR.png,100
1960,4945_BR.png,100
1961,99_BR.png,100
1962,7366_BR.png,100
1963,98_BR.png,100
1964,7365_BR.png,100
1965,97_BR.png,100
1966,4941_BR.png,100
1967,2511_BR.png,100
1968,94_BR.png,100
1969,7359_BR.png,100
1970,4936_BR.png,100
1971,2506_BR.png,100
1972,89_BR.png,100
1973,7356_BR.png,100
1974,7355_BR.png,100
1975,4931_BR.png,100
1976,2502_BR.png,100
1977,4930_BR.png,100
1978,4929_BR.png,100
1979,2499_BR.png,100
1980,7349_BR.png,100
1981,7348_BR.png,100
1982,81_BR.png,100
1983,80_BR.png,100
1984,2496_BR.png,100
1985,7346_BR.png,100
1986,79_BR.png,100
1987,2495_BR.png,100
1988,7345_BR.png,100
1989,78_BR.png,100
1990,76_BR.png,100
1991,2492_BR.png,100
1992,7342_BR.png,100
1993,4919_BR.png,100
1994,75_BR.png,100
1995,7341_BR.png,100
1996,4918_BR.png,100
1997,2489_BR.png,100
1998,7338_BR.png,100
1999,4915_BR.png,100
2000,7339_BR.png,100
2001,72_BR.png,100
2002,2487_BR.png,100
2003,2488_BR.png,100
2004,7337_BR.png,100
2005,70_BR.png,100
2006,7336_BR.png,100
2007,69_BR.png,100
2008,7335_BR.png,100
2009,68_BR.png,100
2010,7334_BR.png,100
2011,2483_BR.png,100
2012,4910_BR.png,100
2013,7332_BR.png,100
2014,2481_BR.png,100
2015,4908_BR.png,100
2016,4907_BR.png,100
2017,4906_BR.png,100
2018,2478_BR.png,100
2019,2477_BR.png,100
2020,60_BR.png,100
2021,7326_BR.png,100
2022,4901_BR.png,100
2023,59_BR.png,100
2024,7325_BR.png,100
2025,4900_BR.png,100
2026,4899_BR.png,100
2027,56_BR.png,100
2028,4898_BR.png,100
2029,55_BR.png,100
2030,7322_BR.png,100
2031,7320_BR.png,100
2032,4894_BR.png,100
2033,7319_BR.png,100
2034,7317_BR.png,100
2035,4891_BR.png,100
2036,7314_BR.png,100
2037,2460_BR.png,100
2038,2459_BR.png,100
2039,42_BR.png,100
2040,2458_BR.png,100
2041,4884_BR.png,100
2042,2456_BR.png,100
2043,4882_BR.png,100
2044,2455_BR.png,100
2045,7306_BR.png,100
2046,4881_BR.png,100
2047,7305_BR.png,100
2048,4880_BR.png,100
2049,37_BR.png,100
2050,7304_BR.png,100
2051,4879_BR.png,100
2052,2452_BR.png,100
2053,4878_BR.png,100
2054,35_BR.png,100
2055,2451_BR.png,100
2056,2450_BR.png,100
2057,4876_BR.png,100
2058,33_BR.png,100
2059,4875_BR.png,100
2060,7299_BR.png,100
2061,4873_BR.png,100
2062,2447_BR.png,100
2063,7298_BR.png,100
2064,4872_BR.png,100
2065,2444_BR.png,100
2066,4870_BR.png,100
2067,28_BR.png,100
2068,7295_BR.png,100
2069,27_BR.png,100
2070,7294_BR.png,100
2071,26_BR.png,100
2072,7293_BR.png,100
2073,25_BR.png,100
2074,24_BR.png,100
2075,2439_BR.png,100
2076,4865_BR.png,100
2077,7290_BR.png,100
2078,21_BR.png,100
2079,20_BR.png,100
2080,7287_BR.png,100
2081,4861_BR.png,100
2082,7285_BR.png,100
2083,4858_BR.png,100
2084,15_BR.png,100
2085,14_BR.png,100
2086,7279_BR.png,100
2087,7278_BR.png,100
2088,2424_BR.png,100
2089,2423_BR.png,100
2090,2422_BR.png,100
2091,4847_BR.png,100
2092,4846_BR.png,100
2093,2420_BR.png,100
2094,3_BR.png,100
2095,4845_BR.png,100
2096,2419_BR.png,100
2097,2418_BR.png,100
2098,2_BR.png,100
2099,4843_BR.png,100
2100,2417_BR.png,100
2101,112.6882_41.2096_0.06_CN.png,100
2102,112.6896_41.211_0.659_CN.png,100
2103,112.6854_41.2054_0.088_CN.png,100
2104,112.6714_41.1942_0.018_CN.png,100
2105,112.6728_41.2152_0.172_CN.png,100
2106,112.6868_41.2068_0.24_CN.png,100
2107,112.6854_41.2068_0.024_CN.png,100
2108,112.677_41.218_0.106_CN.png,100
2109,112.6896_41.197_0.022_CN.png,100
2110,112.6798_41.218_0.17_CN.png,100
2111,112.6756_41.2194_0.061_CN.png,100
2112,112.677_41.2194_0.055_CN.png,100
2113,112.6868_41.2096_0.014_CN.png,100
2114,112.67_41.1928_0.013_CN.png,100
2115,112.6798_41.2138_0.044_CN.png,100
2116,112.484_41.107_0.461_CN.png,100
2117,112.4854_41.1042_0.756_CN.png,100
2118,108.3496_41.8284_0.925_CN.png,100
2119,108.3412_41.8312_1.0_CN.png,100
2120,108.3468_41.8312_0.85_CN.png,100
2121,108.337_41.834_0.147_CN.png,100
2122,108.3384_41.834_0.016_CN.png,100
2123,108.37_42.0354_0.478_CN.png,100
2124,108.3868_42.02_0.044_CN.png,100
2125,108.3812_42.0228_0.068_CN.png,100
2126,108.26_41.954_0.762_CN.png,100
2127,108.2656_41.9554_0.021_CN.png,100
2128,108.2726_41.9582_0.1_CN.png,100
2129,108.274_41.9582_0.085_CN.png,100
2130,108.2656_41.9526_0.145_CN.png,100
2131,108.267_41.9526_0.647_CN.png,100
2132,108.2796_41.9456_0.071_CN.png,100
2133,108.2754_41.9526_0.779_CN.png,100
2134,108.2642_41.9554_0.38_CN.png,100
2135,109.9754_41.69_1.0_CN.png,100
2136,109.9852_41.69_0.482_CN.png,100
2137,109.9796_41.711_0.999_CN.png,100
2138,109.9642_41.6914_0.418_CN.png,100
2139,109.9656_41.7124_0.03_CN.png,100
2140,109.9712_41.7124_0.661_CN.png,100
2141,109.9642_41.6928_0.951_CN.png,100
2142,109.9726_41.6928_1.0_CN.png,100
2143,109.9712_41.6928_0.936_CN.png,100
2144,109.9628_41.704_1.0_CN.png,100
2145,109.9698_41.704_0.241_CN.png,100
2146,109.9684_41.704_1.0_CN.png,100
2147,109.9642_41.7152_0.072_CN.png,100
2148,109.9824_41.704_1.0_CN.png,100
2149,109.9894_41.704_0.998_CN.png,100
2150,109.9796_41.7152_0.992_CN.png,100
2151,109.9698_41.6956_0.999_CN.png,100
2152,109.96_41.7068_1.0_CN.png,100
2153,109.9782_41.7068_0.186_CN.png,100
2154,109.9698_41.697_0.158_CN.png,100
2155,109.96_41.7194_1.0_CN.png,100
2156,109.9852_41.7082_1.0_CN.png,100
2157,109.9712_41.7194_1.0_CN.png,100
2158,109.9698_41.7194_0.813_CN.png,100
2159,109.974_41.7096_0.034_CN.png,100
2160,109.9824_41.7194_0.588_CN.png,100
2161,109.9684_41.6998_1.0_CN.png,100
2162,109.981_41.711_0.52_CN.png,100
2163,109.9624_41.667_0.984_CN.png,100
2164,109.9414_41.6684_0.026_CN.png,100
2165,109.9638_41.667_0.172_CN.png,100
2166,109.9484_41.6684_0.015_CN.png,100
2167,109.9554_41.6894_0.503_CN.png,100
2168,109.954_41.6894_0.989_CN.png,100
2169,109.9484_41.6698_0.485_CN.png,100
2170,109.9694_41.6698_0.635_CN.png,100
2171,109.954_41.681_0.963_CN.png,100
2172,109.9554_41.681_0.838_CN.png,100
2173,109.9596_41.681_1.0_CN.png,100
2174,109.9568_41.6838_1.0_CN.png,100
2175,109.9512_41.6852_1.0_CN.png,100
2176,109.9526_41.6852_0.832_CN.png,100
2177,109.9512_41.6656_0.11_CN.png,100
2178,109.9428_41.6684_0.015_CN.png,100
2179,121.8666_41.6198_0.018_CN.png,100
2180,121.8582_41.631_0.135_CN.png,100
2181,121.8456_41.624_0.976_CN.png,100
2182,121.8596_41.6338_0.707_CN.png,100
2183,121.8456_41.6254_0.033_CN.png,100
2184,121.847_41.6254_0.028_CN.png,100
2185,121.847_41.6268_0.125_CN.png,100
2186,121.8456_41.6268_0.043_CN.png,100
2187,121.8498_41.6268_0.306_CN.png,100
2188,121.8526_41.6282_0.012_CN.png,100
2189,121.8498_41.6282_0.174_CN.png,100
2190,121.8526_41.6296_0.028_CN.png,100
2191,121.8568_41.631_0.011_CN.png,100
2192,121.111_40.9514_0.776_CN.png,100
2193,121.1096_40.9514_0.633_CN.png,100
2194,114.3656_41.15_0.661_CN.png,100
2195,114.3642_41.15_1.0_CN.png,100
2196,114.374_41.1584_1.0_CN.png,100
2197,114.3726_41.1584_0.977_CN.png,100
2198,114.3712_41.1654_1.0_CN.png,100
2199,114.3712_41.1584_0.795_CN.png,100
2200,114.3698_41.1654_1.0_CN.png,100
2201,114.3768_41.1584_1.0_CN.png,100
2202,114.3754_41.1584_1.0_CN.png,100
2203,114.3768_41.15_0.726_CN.png,100
2204,114.374_41.15_1.0_CN.png,100
2205,114.3726_41.164_0.999_CN.png,100
2206,114.3782_41.15_0.988_CN.png,100
2207,114.3656_41.1612_1.0_CN.png,100
2208,114.3726_41.1668_1.0_CN.png,100
2209,114.3712_41.1598_0.768_CN.png,100
2210,114.3614_41.1542_1.0_CN.png,100
2211,114.3726_41.1542_1.0_CN.png,100
2212,114.3754_41.1682_1.0_CN.png,100
2213,114.3782_41.1682_1.0_CN.png,100
2214,114.374_41.1682_0.999_CN.png,100
2215,114.3614_41.157_0.951_CN.png,100
2216,114.3628_41.157_1.0_CN.png,100
2217,114.3712_41.164_1.0_CN.png,100
2218,109.061_37.2342_1.0_CN.png,100
2219,109.047_37.2454_1.0_CN.png,100
2220,109.061_37.2356_1.0_CN.png,100
2221,109.0568_37.237_1.0_CN.png,100
2222,109.0512_37.2398_1.0_CN.png,100
2223,118.4214_32.6824_0.999_CN.png,100
2224,118.4228_32.6782_0.574_CN.png,100
2225,118.4242_32.6698_0.997_CN.png,100
2226,112.6882_41.2096_0.949_CN.png,100
2227,112.6896_41.211_1.0_CN.png,100
2228,112.6854_41.2054_0.998_CN.png,100
2229,112.6714_41.1942_0.563_CN.png,100
2230,112.6728_41.2152_0.892_CN.png,100
2231,112.6868_41.2068_0.999_CN.png,100
2232,112.6854_41.2068_0.569_CN.png,100
2233,112.677_41.218_1.0_CN.png,100
2234,112.6896_41.197_0.89_CN.png,100
2235,112.6798_41.218_0.939_CN.png,100
2236,112.677_41.2194_0.929_CN.png,100
2237,112.6798_41.2138_0.977_CN.png,100
2238,112.484_41.107_1.0_CN.png,100
2239,112.4868_41.1028_0.939_CN.png,100
2240,112.4854_41.1028_1.0_CN.png,100
2241,112.4854_41.1042_1.0_CN.png,100
2242,112.4854_41.1056_1.0_CN.png,100
2243,108.3496_41.8284_1.0_CN.png,100
2244,108.3468_41.8312_1.0_CN.png,100
2245,108.337_41.834_1.0_CN.png,100
2246,108.3384_41.834_1.0_CN.png,100
2247,108.3468_41.8298_0.993_CN.png,100
2248,108.37_42.034_1.0_CN.png,100
2249,108.3714_42.034_1.0_CN.png,100
2250,108.37_42.0354_1.0_CN.png,100
2251,108.3868_42.02_1.0_CN.png,100
2252,108.3742_42.0284_1.0_CN.png,100
2253,108.3728_42.0214_1.0_CN.png,100
2254,108.3728_42.0284_1.0_CN.png,100
2255,108.3714_42.0214_0.958_CN.png,100
2256,108.3714_42.0354_0.999_CN.png,100
2257,108.3854_42.02_1.0_CN.png,100
2258,108.3784_42.0368_1.0_CN.png,100
2259,108.3714_42.0228_1.0_CN.png,100
2260,108.3812_42.0228_1.0_CN.png,100
2261,108.3798_42.0368_1.0_CN.png,100
2262,108.3826_42.0228_0.999_CN.png,100
2263,108.3896_42.0382_1.0_CN.png,100
2264,108.3882_42.0382_1.0_CN.png,100
2265,108.26_41.954_1.0_CN.png,100
2266,108.2656_41.9554_1.0_CN.png,100
2267,108.2628_41.9568_1.0_CN.png,100
2268,108.2754_41.9442_1.0_CN.png,100
2269,108.2726_41.9582_1.0_CN.png,100
2270,108.274_41.9442_0.985_CN.png,100
2271,108.274_41.9582_1.0_CN.png,100
2272,108.2656_41.9526_1.0_CN.png,100
2273,108.267_41.9526_1.0_CN.png,100
2274,108.2796_41.9456_1.0_CN.png,100
2275,108.2754_41.9526_1.0_CN.png,100
2276,108.2642_41.9554_1.0_CN.png,100
2277,108.2656_41.9428_0.999_CN.png,100
2278,116.5484_23.0184_1.0_CN.png,100
2279,116.5498_23.0184_0.985_CN.png,100
2280,116.5512_23.0198_0.977_CN.png,100
2281,109.9894_41.6998_0.994_CN.png,100
2282,109.9852_41.69_1.0_CN.png,100
2283,109.9796_41.711_1.0_CN.png,100
2284,109.9642_41.6914_1.0_CN.png,100
2285,109.9656_41.7124_1.0_CN.png,100
2286,109.9712_41.7124_1.0_CN.png,100
2287,109.9698_41.7124_1.0_CN.png,100
2288,109.9852_41.6914_0.992_CN.png,100
2289,109.9642_41.6928_1.0_CN.png,100
2290,109.9628_41.6928_0.991_CN.png,100
2291,109.9712_41.6928_1.0_CN.png,100
2292,109.9698_41.7138_0.984_CN.png,100
2293,109.9698_41.704_1.0_CN.png,100
2294,109.981_41.704_0.999_CN.png,100
2295,109.9642_41.7152_0.956_CN.png,100
2296,109.9894_41.704_1.0_CN.png,100
2297,109.9796_41.7152_1.0_CN.png,100
2298,109.9698_41.6956_1.0_CN.png,100
2299,109.9628_41.7166_1.0_CN.png,100
2300,109.9712_41.6956_1.0_CN.png,100
2301,109.9642_41.7166_1.0_CN.png,100
2302,109.9782_41.7068_1.0_CN.png,100
2303,109.9698_41.697_1.0_CN.png,100
2304,109.9698_41.7194_1.0_CN.png,100
2305,109.9894_41.6984_0.982_CN.png,100
2306,109.974_41.7096_1.0_CN.png,100
2307,109.9824_41.7194_1.0_CN.png,100
2308,109.988_41.6998_0.999_CN.png,100
2309,109.981_41.711_1.0_CN.png,100
2310,109.9624_41.667_1.0_CN.png,100
2311,109.9414_41.6684_1.0_CN.png,100
2312,109.9638_41.667_1.0_CN.png,100
2313,109.9484_41.6684_1.0_CN.png,100
2314,109.9554_41.6894_1.0_CN.png,100
2315,109.954_41.6894_1.0_CN.png,100
2316,109.9484_41.6698_1.0_CN.png,100
2317,109.9526_41.66_0.744_CN.png,100
2318,109.9694_41.6698_1.0_CN.png,100
2319,109.954_41.681_1.0_CN.png,100
2320,109.9554_41.681_1.0_CN.png,100
2321,109.9512_41.6712_0.76_CN.png,100
2322,109.9512_41.6838_1.0_CN.png,100
2323,109.9526_41.6852_1.0_CN.png,100
2324,109.9568_41.6852_1.0_CN.png,100
2325,109.9498_41.6656_0.999_CN.png,100
2326,109.9512_41.6656_1.0_CN.png,100
2327,109.9428_41.6684_1.0_CN.png,100
2328,87.697_43.4998_1.0_CN.png,100
2329,87.6914_43.511_1.0_CN.png,100
2330,87.697_43.5012_1.0_CN.png,100
2331,87.704_43.4942_1.0_CN.png,100
2332,87.7096_43.5026_1.0_CN.png,100
2333,87.6942_43.5138_1.0_CN.png,100
2334,87.6942_43.4942_1.0_CN.png,100
2335,87.6956_43.5166_1.0_CN.png,100
2336,87.7054_43.4956_0.99_CN.png,100
2337,87.6942_43.4956_0.898_CN.png,100
2338,87.7096_43.5152_1.0_CN.png,100
2339,87.7012_43.5054_0.955_CN.png,100
2340,87.6914_43.5068_1.0_CN.png,100
2341,87.7012_43.5068_1.0_CN.png,100
2342,87.6956_43.497_1.0_CN.png,100
2343,87.6998_43.5068_1.0_CN.png,100
2344,87.6914_43.5082_1.0_CN.png,100
2345,87.69_43.5082_1.0_CN.png,100
2346,87.6914_43.4984_0.726_CN.png,100
2347,87.7082_43.4984_0.991_CN.png,100
2348,87.7068_43.4984_0.997_CN.png,100
2349,87.6928_43.511_1.0_CN.png,100
2350,87.7026_43.49_0.842_CN.png,100
2351,87.7082_43.5124_1.0_CN.png,100
2352,87.704_43.4928_1.0_CN.png,100
2353,87.6984_43.504_1.0_CN.png,100
2354,-0.1558_49.0814_1.0_FR.png,100
2355,2.118_50.1656_0.809_FR.png,100
2356,2.7756_50.1438_1.0_FR.png,100
2357,2.777_50.1438_0.096_FR.png,100
2358,2.744_50.154_0.916_FR.png,100
2359,2.7454_50.154_0.823_FR.png,100
2360,2.7496_50.1512_0.999_FR.png,100
2361,2.7426_50.1582_1.0_FR.png,100
2362,2.7412_50.1582_0.411_FR.png,100
2363,2.7496_50.1582_0.204_FR.png,100
2364,2.744_50.1484_1.0_FR.png,100
2365,2.7426_50.1484_0.3_FR.png,100
2366,2.7426_50.1582_1.0_Ablainzevelle_FR.png,100
2367,1.6712_48.344_1.0_Allonnes_FR.png,100
2368,-0.1558_49.0814_1.0_Airan_FR.png,100
2369,3.29_45.1684_0.42240727_Ally_FR.png,100
2370,2.1982_43.4296_1.0_Arfons_FR.png,100
2371,2.1996_43.4282_0.8837569_Arfons_FR.png,100
2372,2.7412_50.1582_0.4110048_Ablainzevelle_FR.png,100
2373,2.7496_50.1582_0.20431814_Ablainzevelle_FR.png,100
2374,2.7454_50.154_0.82281065_Ablainzevelle_FR.png,100
2375,2.7426_50.1484_0.2999573_Ablainzevelle_FR.png,100
2376,2.1996_43.4268_0.98106396_Arfons_FR.png,100
2377,2.7496_50.1512_0.99900454_Ablainzevelle_FR.png,100
2378,4.154_48.6096_0.10466002_Allibaudires_FR.png,100
2379,4.1414_48.604_0.9889874_Allibaudires_FR.png,100
2380,2.7756_50.1438_0.99999726_Achiet-le-Grand_FR.png,100
2381,4.1596_48.6166_0.39559847_Allibaudires_FR.png,100
2382,4.1596_48.6152_0.19575343_Allibaudires_FR.png,100
2383,4.1568_48.6026_0.9570362_Allibaudires_FR.png,100
2384,4.1596_48.611_0.26438355_Allibaudires_FR.png,100
2385,4.1498_48.6124_0.99999416_Allibaudires_FR.png,100
2386,4.1498_48.6026_0.39936838_Allibaudires_FR.png,100
2387,4.1498_48.6138_0.17633437_Allibaudires_FR.png,100
2388,4.1414_48.6054_0.81763506_Allibaudires_FR.png,100
2389,4.1484_48.6012_0.999984_Allibaudires_FR.png,100
2390,4.1498_48.6012_0.99999976_Allibaudires_FR.png,100
2391,4.1428_48.6096_0.43196002_Allibaudires_FR.png,100
2392,2.1982_43.4268_1.0_Arfons_FR.png,100
2393,2.1968_43.4184_0.8875167_Arfons_FR.png,100
2394,2.1982_43.4226_0.9994343_Arfons_FR.png,100
2395,2.1954_43.4156_0.99981564_Arfons_FR.png,100
2396,2.1982_43.4282_1.0_Arfons_FR.png,100
2397,2.1954_43.4142_0.99997544_Arfons_FR.png,100
2398,2.1968_43.4198_0.9916643_Arfons_FR.png,100
2399,2.1968_43.4212_0.99999976_Arfons_FR.png,100
2400,2.1628_50.4696_0.41889903_Ambricourt_FR.png,100
2401,2.194_43.4128_0.9999962_Arfons_FR.png,100
2402,2.744_50.1484_0.9999995_Ablainzevelle_FR.png,100
2403,-2.1634_47.6454_0.7734958_Allaire_FR.png,100
2404,-0.1458_47.084_0.9982658_Antoign_FR.png,100
2405,1.6768_48.3412_0.13139261_Allonnes_FR.png,100
2406,-0.1472_47.0868_0.9999403_Antoign_FR.png,100
2407,-0.1486_47.0896_0.99886537_Antoign_FR.png,100
2408,2.167_50.4794_0.2361706_Ambricourt_FR.png,100
2409,2.118_50.1656_0.80929047_Agenville_FR.png,100
2410,1.6838_48.3384_0.9999982_Allonnes_FR.png,100
2411,2.194_43.4156_0.2071618_Arfons_FR.png,100
2412,2.1614_50.478_0.9999994_Ambricourt_FR.png,100
2413,2.1642_50.4738_0.88115567_Ambricourt_FR.png,100
2414,2.194_43.4142_0.96205777_Arfons_FR.png,100
2415,2.744_50.154_0.91590977_Ablainzevelle_FR.png,100
2416,-0.1444_47.0812_0.99742967_Antoign_FR.png,100
2417,2.1926_43.4114_0.999928_Arfons_FR.png,100
2418,2.1656_50.4766_0.9863609_Ambricourt_FR.png,100
2419,2.7496_50.1512_0.999_Ablainzevelle_FR.png,100
2420,2.7454_50.154_0.823_Ablainzevelle_FR.png,100
2421,2.744_50.1484_1.0_Ablainzevelle_FR.png,100
2422,2.744_50.154_0.916_Ablainzevelle_FR.png,100
2423,2.118_50.1656_0.809_Agenville_FR.png,100
2424,1.6838_48.3384_1.0_Allonnes_FR.png,100
2425,4.1568_48.6026_0.957_Allibaudires_FR.png,100
2426,4.1498_48.6124_1.0_Allibaudires_FR.png,100
2427,4.1498_48.6012_1.0_Allibaudires_FR.png,100
2428,4.1484_48.6012_1.0_Allibaudires_FR.png,100
2429,4.1414_48.6054_0.818_Allibaudires_FR.png,100
2430,4.1414_48.604_0.989_Allibaudires_FR.png,100
2431,2.7756_50.1438_1.0_Achiet-le-Grand_FR.png,100
